Minimum,Maximum,Squared Dynamic Range,Mean,Standard Deviation,Variance,Skewness,Kurtosis,92.5 Percentile,85 Percentile,15 Percentile,7.5 Percentile,Interquartile Range,Median,Shannon Entropy,Bins Entropy,Normalized Energy,Root Mean Square,Mean Absolute Deviation,Robust Mean Absolute Deviaton,label
0,240,57600,113.5110345521862,60.62816380177647,3675.774245975039,-0.12603936725692766,2.0757191246510285,192.0,192.0,48.0,16.0,96.0,112,3.794384792497909,3.794384792497904,16560.52921108265,128.68771973689894,51.10186202125594,41.367283508921936,0
0,240,57600,141.60915426001944,56.19750296076131,3158.1593390247763,-0.5059660128620772,2.4919840608106183,208.0,208.0,80.0,48.0,96.0,144,3.642419746157237,3.642419746157232,23211.311909262753,152.35259075336643,46.76332871260715,39.2029455653485,0
32,224,36864,143.10658717464008,48.99028818544579,2400.0483364930296,-0.04468779592688126,1.6983275025031486,208.0,208.0,80.0,80.0,96.0,144,3.4076932924468024,3.4076932924467975,22879.54362926589,151.25985465174125,43.06085691477897,38.834964548410106,0
0,224,50176,137.75989082896166,44.21429194277984,1954.9036120013661,-0.2554399001697417,2.5244719973303207,208.0,192.0,96.0,80.0,80.0,144,3.3451146472241056,3.345114647224101,20932.6911332088,144.68134341790167,37.351939826035974,31.172816088075987,0
0,240,57600,133.54177246339526,62.99461856288444,3968.3219678833048,0.027783448945554616,2.1124652646364903,240.0,208.0,64.0,48.0,96.0,128,3.85265343967116,3.8526534396711547,21801.726960548538,147.6540787128772,53.12156153773049,41.76149314858838,0
16,240,50176,113.05520072482409,37.938371263712405,1439.320014143279,0.017965761429673963,2.8209201798643573,176.0,160.0,80.0,64.0,48.0,112,3.2242479815383596,3.224247981538355,14220.798425073544,119.25098919955987,29.831211639806376,22.29511603910177,0
0,224,50176,149.52656010559167,56.19635509615258,3158.030326092874,-0.5562524907098475,2.4560940019201114,224.0,208.0,80.0,64.0,80.0,160,3.6214636889960743,3.62146368899607,25516.222503103996,159.73798077822318,47.22261752440119,42.6147778188104,0
0,240,57600,122.07594993344591,53.57719741264579,2870.516082593618,-0.4598296694479904,2.5656685692004926,192.0,176.0,64.0,32.0,80.0,128,3.6647779879498836,3.664777987949879,17773.053634746808,133.31561661990995,44.1573544030716,35.878525582045846,0
0,240,57600,158.28977304504423,41.7383952238191,1742.0936358597246,-0.9743643223441083,3.6730046503772926,208.0,192.0,112.0,96.0,64.0,176,3.1270612938922113,3.1270612938922073,26797.745886511337,163.70017069786866,34.32283511586138,27.874994542016665,0
16,240,50176,166.6558539613651,49.24552053096989,2425.121292366177,-0.4011819846623933,2.4835757008734056,240.0,224.0,112.0,80.0,80.0,176,3.532833045374408,3.532833045374403,30199.294951958025,173.77944341019747,40.25824264493065,31.050812636750713,0
0,240,57600,144.2382076263129,73.83213834528215,5451.184652636883,-0.6793412647749068,2.351196557163824,240.0,224.0,48.0,0.0,96.0,176,3.717604404759634,3.717604404759629,26255.84519188823,162.0365551099141,61.40099701620499,61.40099701620499,0
0,240,57600,146.90860281204908,79.78643027151398,6365.874455471163,-0.601467415430713,2.094719344041234,240.0,240.0,48.0,0.0,128.0,176,3.7017932154974678,3.701793215497463,27948.012035659558,167.17658937680108,68.4517735580255,68.4517735580255,0
32,240,43264,129.61966868379548,40.28780699232087,1623.1073922504984,-0.054359294782857,2.1914613648615204,192.0,176.0,80.0,64.0,64.0,128,3.3168500375725802,3.3168500375725762,18424.365901947414,135.73638385468877,33.61904787277432,25.93751702615415,0
0,240,57600,162.75916376774308,51.766162388677735,2679.735568450953,-0.5213259574555631,2.619907288370972,224.0,224.0,112.0,80.0,80.0,160,3.5128405294695324,3.5128405294695275,29170.28095882596,170.79309400214623,44.08623604261992,37.712329363524795,0
16,240,50176,127.94774107672175,41.483171838473986,1720.853545780361,0.2619124319872444,2.3777185393822973,192.0,176.0,80.0,80.0,64.0,128,3.353314134223679,3.3533141342236745,18091.477992416196,134.50456495010195,34.61237057506475,29.496004165866943,0
0,224,50176,83.55253296942986,42.71355964605173,1824.4481776368184,-0.5487850858867052,2.401135214400922,144.0,128.0,32.0,0.0,48.0,96,3.2103297792443097,3.210329779244306,8805.473943244482,93.83748687621852,34.880325915600565,32.43634745854693,0
0,240,57600,135.33700965313588,73.03916087582405,5334.719021444507,-0.460717928326027,2.114005586165938,240.0,208.0,32.0,0.0,112.0,144,3.883218537641806,3.8832185376418007,23650.8252032975,153.78824793623698,61.5251426726039,48.897853223658494,0
0,240,57600,143.12233643918972,50.68711120067291,2569.183241869381,-0.3320846974222195,3.4316551838741836,224.0,192.0,96.0,80.0,64.0,144,3.545996725076136,3.5459967250761313,23053.18642968199,151.83275809153304,37.97879256011908,24.56667433521999,0
0,240,57600,124.18724622767081,73.43009775537178,5391.979256363455,-0.17864044670421939,2.1588814282937663,240.0,208.0,32.0,0.0,96.0,128,3.766024403301361,3.7660244033013557,20814.451381975596,144.27214347189687,59.42698806099237,53.35913498574036,0
0,240,57600,137.92543707564795,40.14553492317835,1611.6639742681327,-0.578290199566231,2.9095864657430384,192.0,176.0,96.0,80.0,64.0,144,3.243209402096773,3.2432094020967686,20635.09016677666,143.64919131960562,32.85062977178161,28.741375825716162,0
0,240,57600,152.10550217559086,51.6334546017852,2666.0136341146135,-0.13884552956594504,2.7763315922445893,240.0,208.0,96.0,80.0,80.0,144,3.596861152614302,3.596861152614297,25802.097426203287,160.63031291198834,42.05909754006261,31.54033428848948,0
0,240,57600,144.01628617129563,78.09469997693417,6098.782164487362,-0.6215057542694776,2.1939128930285516,240.0,224.0,32.0,0.0,112.0,160,3.706589169029758,3.7065891690297526,26839.47284705988,163.82757047292094,65.63561245376017,65.63561245376017,0
0,240,57600,138.7197011219114,51.38514663618615,2640.4332948223528,-1.0376632261240566,3.8518129357803734,192.0,192.0,96.0,48.0,64.0,144,3.398225277447451,3.398225277447446,21883.588774174783,147.93102708416103,39.11611286173286,28.407772004545237,0
0,240,57600,144.2382076263129,73.83213834528215,5451.184652636883,-0.6793412647749068,2.351196557163824,240.0,224.0,48.0,0.0,96.0,176,3.717604404759634,3.717604404759629,26255.84519188823,162.0365551099141,61.40099701620499,61.40099701620499,0
0,240,57600,150.99875840314985,49.16005273279575,2416.7107846912586,-0.977295809812414,4.322742174603022,208.0,192.0,112.0,80.0,64.0,160,3.462574346602188,3.4625743466021826,25217.335823984078,158.79967198953554,37.58802423811055,27.819231128860817,0
0,240,57600,141.67966801266206,75.44711780193633,5692.267584619258,-0.6718998087785355,2.283818052609417,240.0,224.0,32.0,0.0,96.0,160,3.7169658786239275,3.716965878623923,25765.395912797394,160.51603008047948,62.90439712610045,59.31402448564284,0
0,208,43264,118.68466795673426,46.19842734131469,2134.2946888107326,-0.11564960499802444,1.7397413731537836,176.0,176.0,64.0,48.0,80.0,128,3.3371367292862044,3.3371367292862,16220.345096810997,127.35911862450602,41.14299838432541,36.08147671186381,0
0,208,43264,114.3180053914386,55.30842058836169,3059.0213879791118,-0.07493221280470294,1.950148464901825,192.0,176.0,48.0,32.0,96.0,112,3.662735940066715,3.6627359400667108,16127.6277446561,126.99459730498813,47.48178092104141,41.48675100226093,0
32,176,20736,104.24133958233129,29.793187445388906,887.634018156079,0.06039710778474261,2.1036333696140934,144.0,144.0,64.0,64.0,48.0,112,2.8695286675687997,2.869528667568797,11753.890896074989,108.41536282314877,25.53872584546506,22.46781009443178,0
32,240,43264,153.13994250623594,49.5933267820525,2459.498061311446,-0.2754090067830908,1.9034690718226748,224.0,208.0,96.0,80.0,80.0,160,3.442910550775664,3.4429105507756588,25911.3400521247,160.96999736635613,42.602828042222484,39.06555000556336,0
32,224,36864,142.47948009530097,46.19168758014242,2133.6720015014835,-0.11436381828152635,1.8978870514966204,208.0,192.0,80.0,64.0,64.0,144,3.421510640200207,3.4215106402002027,22434.074249728754,149.78008629229973,39.60213121474413,34.6754011721836,0
0,240,57600,144.51722016532256,53.09511627168369,2819.0913719036107,-1.1588036941991477,3.6890963927375147,192.0,192.0,96.0,48.0,64.0,160,3.3672688826485504,3.3672688826485446,23704.318296215923,153.96206771869467,42.01840770673293,31.92649690731868,0
0,240,57600,118.34409011084888,55.52665723058595,3083.2096632029825,-0.4029276625915531,3.0265466583750427,192.0,176.0,64.0,0.0,48.0,128,3.53458470476839,3.534584704768384,17088.533327367702,130.72311703508183,41.86291033814282,29.63264471221664,0
0,240,57600,127.27929217793985,57.788866638723405,3339.5531073881593,-0.6593605248780526,2.6432008805164395,208.0,192.0,64.0,16.0,80.0,144,3.636486288169851,3.636486288169848,19539.57132470554,139.78401669971262,46.87576771892028,36.03204181158352,0
0,224,50176,165.33434749052023,44.04285731143322,1939.7732801552665,-1.068143405708519,3.9583963618364955,208.0,208.0,112.0,96.0,48.0,176,3.2802176883508896,3.280217688350885,29275.219740271365,171.10002846367783,34.899283560418525,27.41868211533376,0
0,240,57600,134.2138007404839,69.52309612146813,4833.460894314896,0.1384954312201195,2.0492578243582154,240.0,240.0,64.0,32.0,112.0,128,3.7096094745404917,3.7096094745404864,22846.805203521206,151.15159676140112,58.105096647121336,52.84229473236119,0
0,240,57600,122.70430979519244,80.25418453447888,6440.734135294189,-0.13692499135273287,1.856023461236087,240.0,224.0,0.0,0.0,128.0,128,3.705640396968538,3.7056403969685325,21497.081777608746,146.61883159270076,67.62394730202548,67.62394730202548,0
48,240,36864,116.4828133913491,52.104085835036635,2714.8357607048656,0.9528067770015977,2.5860813571006562,208.0,192.0,64.0,64.0,64.0,96,3.178527365428697,3.178527365428693,16283.081576268723,127.60517848531353,43.40866087013977,38.42734930006775,0
0,208,43264,136.51784655652622,43.377388745055285,1881.5978543396486,-1.0907012322982645,3.9021028811769924,192.0,176.0,96.0,48.0,64.0,144,3.1512170445969687,3.151217044596964,20518.720282770882,143.2435697780912,33.712511833956135,23.48504236572484,0
0,240,57600,121.54763369537255,55.37377761834119,3066.255247725503,-0.43910208450572796,2.8368579599174004,208.0,176.0,64.0,16.0,64.0,128,3.6189199325829775,3.6189199325829726,17840.08250466997,133.56677170864754,43.33483775500525,30.113288601233855,0
0,240,57600,145.5615037863111,47.16702452926609,2224.7282029443886,-0.7224699513616555,2.6024194700334085,192.0,192.0,80.0,64.0,80.0,160,3.369754401710982,3.3697544017109773,23412.879587476647,153.0126778651908,39.10102105043957,33.29832432524785,0
0,240,57600,170.5144237760204,51.366731970691376,2638.5411533488477,-1.0051639494641211,4.380995992410256,240.0,224.0,128.0,96.0,64.0,176,3.467529847984032,3.4675298479840273,31713.709869017122,178.08343513369547,39.68074169079652,32.8766755177909,0
0,240,57600,116.76128902361272,27.729142505910144,768.9053441130727,-0.692191315407864,4.049936640539925,144.0,144.0,80.0,80.0,48.0,128,2.704713096316587,2.7047130963165817,14402.103958568698,120.00876617384539,22.387101503427207,18.08592710559845,0
0,240,57600,154.25599266227448,55.16080687979395,3042.714615629924,-0.6835899185480958,3.182067080616973,224.0,208.0,112.0,64.0,80.0,160,3.561573397814169,3.561573397814163,26837.625887853606,163.82193347611792,44.71519427237599,37.64166849852182,0
0,224,50176,95.05933938099126,71.01559798017118,5043.215156481292,-0.030032924927308927,1.6565924407968577,192.0,176.0,0.0,0.0,144.0,96,3.5932450323350658,3.59324503233506,14079.493160031769,118.65704007783006,61.95025508967674,58.5089682732668,0
0,240,57600,116.89963199516784,58.587703991941495,3432.5190590473576,-0.12315068658674688,2.062164272740007,192.0,176.0,48.0,32.0,96.0,128,3.811967415210593,3.8119674152105887,17098.04301965303,130.7594853907472,50.06842419357303,42.48012100390091,0
0,240,57600,133.23501974250848,49.931164459973495,2493.12118432892,-0.55376299167738,3.3181553689781964,208.0,192.0,80.0,48.0,48.0,128,3.5475706956551596,3.5475706956551547,20244.691670115546,142.28384191508025,38.15264772212904,27.365869238956105,0
32,208,30976,115.88953143700851,39.69983643166416,1576.077012700889,0.250455457678532,2.2562486653711873,176.0,160.0,80.0,64.0,64.0,112,3.287758725332102,3.287758725332099,15006.460509390276,122.50085921898783,32.96073408854879,28.213721083262946,0
32,240,43264,160.39140501784095,48.535072802791866,2355.6532919723068,-0.6824663787781009,2.2880481453917967,224.0,208.0,96.0,80.0,64.0,176,3.3227541901809827,3.3227541901809783,28081.056095569405,167.5740316862055,40.642080615358054,33.62144792036924,0
0,240,57600,109.66177112112841,76.08697861995051,5789.228315512806,-0.20235049701155544,1.6748361222681807,208.0,192.0,0.0,0.0,144.0,112,3.629195112762091,3.629195112762086,17814.93236093556,133.47259029829144,66.09962917089038,64.12292623236304,0
0,240,57600,143.91069451124707,68.37979894435001,4675.796903669732,-0.7641105997306843,2.7787104346081066,240.0,208.0,64.0,0.0,80.0,160,3.7146337485967926,3.7146337485967877,25386.084898379206,159.33011296794842,53.72526114610653,39.05577930293894,0
0,224,50176,123.59987024753637,43.12023085248567,1859.354308771657,-0.07622768297392281,2.054740631031925,192.0,176.0,80.0,64.0,80.0,128,3.3580692688629146,3.35806926886291,17136.282233979488,130.9056233856265,37.04082884836983,31.87927246162151,0
48,240,36864,117.01470900772921,42.12231249513569,1774.2892099378641,0.600816790767025,2.1582126140125304,192.0,176.0,80.0,64.0,64.0,112,3.1313854559626972,3.131385455962693,15466.731334101409,124.36531403129013,35.74008307196867,34.60413513844431,0
0,240,57600,109.24656323754766,57.95353297495605,3358.6119842793178,-0.1843440021281923,2.0955417652234773,192.0,176.0,48.0,16.0,96.0,112,3.768917150803567,3.768917150803562,15293.423563494818,123.66658224231321,48.79156975143512,43.5590305174274,0
0,224,50176,116.94956432254672,59.04692850278142,3486.5397656125806,-0.4025622707073257,2.356633247073494,192.0,192.0,48.0,0.0,80.0,128,3.694398545664868,3.694398545664863,17163.740360846074,131.01045897502257,48.04188210335673,38.46876218859988,0
48,240,36864,128.08035704298607,44.65591900862076,1994.1511025044965,-0.10867335336835617,2.020842274137751,192.0,176.0,80.0,64.0,64.0,128,3.395036402606468,3.395036402606463,18398.728962763285,135.64191447617983,37.708826860648344,33.388043654711325,0
0,208,43264,144.64017181015873,40.23752500668731,1619.0584186637861,-0.9668751121608629,4.0155687983167265,192.0,192.0,112.0,80.0,48.0,144,3.085111422248507,3.0851114222485028,22539.837719936022,150.1327336723608,31.139162828349487,25.933389265704594,0
0,224,50176,119.66165926555631,62.308453641108684,3882.3433951461902,-0.27929263197669685,2.0718808061193172,208.0,192.0,16.0,16.0,96.0,128,3.64587516940286,3.645875169402855,18201.25609333229,134.91203094362004,51.79702572956807,46.764084630310585,0
0,176,30976,131.18153040793726,37.78472568446806,1427.6854950505003,-0.9452750661913644,3.5353819262619934,176.0,176.0,96.0,80.0,48.0,144,3.00888485126129,3.0088848512612856,18636.27941521907,136.51475896480596,30.48717462759047,26.086050608089245,0
32,240,43264,129.65814700059283,41.304618672508056,1706.0715236813012,-0.1383245379530148,2.152365457317544,192.0,176.0,80.0,64.0,64.0,128,3.33166760081936,3.331667600819355,18517.306607308645,136.0783105689832,34.869761162377756,27.156093407129973,0
0,224,50176,133.84244024116063,40.80893320802764,1665.3690295772612,0.043020417675187834,2.5296408176187013,192.0,192.0,96.0,80.0,64.0,128,3.288807974550925,3.28880797455092,19579.167839285918,139.92557964606013,34.004522902050255,29.11177911936611,0
0,240,57600,147.0979519244751,37.35800852633408,1395.6208010536502,-0.7316937171349648,3.0748858783731396,192.0,176.0,112.0,80.0,48.0,160,3.1122825831533456,3.112282583153341,23033.428261428842,151.76767857956068,30.909891998916493,25.937465079040027,0
0,224,50176,139.81230635004084,50.97637430463513,2598.5907372462643,-1.0799184704650853,3.849476942507208,192.0,176.0,80.0,64.0,64.0,160,3.4048827837441062,3.4048827837441022,22146.07174416393,148.8155628426138,39.666638521440596,28.295908189029618,0
0,240,57600,170.5144237760204,51.366731970691376,2638.5411533488477,-1.0051639494641211,4.380995992410256,240.0,224.0,128.0,96.0,64.0,176,3.467529847984032,3.4675298479840273,31713.709869017122,178.08343513369547,39.68074169079652,32.8766755177909,0
0,224,50176,141.0908801020408,47.234664728687804,2231.113552031544,-0.781628555770467,2.181336792773852,192.0,176.0,80.0,64.0,80.0,160,3.0364077186101106,3.0364077186101057,22137.75,148.7876002898091,40.945480975847175,37.4382065792545,1
0,192,36864,139.05452806122452,30.534464655411444,932.3535317925707,-1.1543236193853867,4.414259616899485,176.0,160.0,112.0,80.0,32.0,144,2.7924550071007146,2.79245500710071,20268.515306122452,142.36753599793195,23.31456287897252,18.427224859267582,1
0,240,57600,113.96556122448979,64.07993921571018,4106.238609889111,-0.4290942203231071,1.459796242357093,176.0,176.0,32.0,16.0,144.0,144,3.0224594137267404,3.0224594137267347,17094.387755102045,130.7455075905174,59.66325584958622,55.45100875122551,1
16,160,20736,132.95153061224488,17.181881109865653,295.2170384735582,-3.0620778079895645,15.867599173522187,144.0,144.0,128.0,112.0,16.0,128,1.581679351390346,1.5816793513903429,17971.32653061225,134.05717634879622,11.313537267181538,8.200164259508218,1
0,192,36864,160.06600765306123,15.135804628933421,229.09258176524236,-1.574850344284434,10.665665796689511,176.0,176.0,144.0,144.0,16.0,160,1.8062820292590103,1.8062820292590063,25850.219387755096,160.78003417015154,10.037876839344392,8.027335622604685,1
0,224,50176,163.7295918367347,30.17886038469839,910.7636141191178,-1.8971454336789535,9.108618576583549,192.0,192.0,144.0,128.0,16.0,176,2.6882945776287084,2.688294577628704,27718.142857142855,166.4876657808105,21.33626959632163,15.871534515439512,1
48,192,20736,134.35778061224488,33.698498924554535,1135.5888297682031,-0.6143384105298902,1.9645433262158467,176.0,160.0,96.0,80.0,64.0,144,2.620368035418414,2.620368035418411,19187.602040816324,138.51932009945878,30.07538894213352,27.166362147179566,1
48,208,25600,172.8861607142857,31.671188941755602,1003.0642089843823,-1.8223385832284582,5.268162225171509,192.0,192.0,144.0,96.0,16.0,192,2.090269545377403,2.0902695453773994,30892.6887755102,175.76316103071827,22.768103418813457,17.218891017555233,1
0,224,50176,139.01243622448976,50.39088761397247,2539.2415545240037,-0.9680446288158272,3.709861195882348,192.0,192.0,96.0,64.0,64.0,144,3.420846996871482,3.4208469968714765,21863.69897959184,147.86378522001877,39.42903828016381,29.25244639153091,1
32,176,20736,129.81249999999997,20.697050634679826,428.36790497450056,-1.5981363757137432,5.352667919055887,144.0,144.0,112.0,96.0,16.0,144,1.998080037104466,1.9980800371044625,17279.653061224497,131.45209416827294,14.952347735969388,11.530408693275014,1
16,240,50176,142.07876275510202,49.723086972361905,2472.385378061066,-0.5400329367650946,2.296044623925746,208.0,192.0,80.0,48.0,64.0,144,3.451887214903138,3.4518872149031328,22658.76020408163,150.52827044805116,40.93935037446466,36.03976120576253,1
96,192,9216,170.61957908163265,15.838310867935315,250.85209114935788,-0.9831872471546274,3.7801704936017786,192.0,176.0,144.0,144.0,16.0,176,1.834947132239369,1.834947132239367,29361.89285714285,171.35312327805073,12.344318051474389,11.270773286918978,1
16,240,50176,173.57397959183675,68.85226817718087,4740.634833142434,-0.6533438787637171,2.0029269815569934,240.0,240.0,80.0,64.0,128.0,208,3.3975096493525645,3.3975096493525587,34868.56122448979,186.7312540109175,60.77077971254306,55.06423410336436,1
16,224,43264,171.50637755102042,24.99675918056032,624.8379695309268,-1.4369921444483358,7.591165705368185,208.0,192.0,144.0,144.0,32.0,176,2.5170073485525535,2.517007348552549,30039.27551020409,173.3184223047397,18.501917078418582,13.380343953571934,1
0,240,57600,131.77582908163268,22.867704088003578,522.9318902564955,-1.44384879203432,6.093704517712841,160.0,144.0,112.0,96.0,16.0,144,2.3216247782255937,2.3216247782255874,17887.801020408162,133.7452841053028,16.869920939520295,14.05576774943678,1
0,176,30976,138.3718112244898,20.355940347568136,414.3643074337524,-1.315222010129476,7.375686071759819,160.0,160.0,112.0,112.0,32.0,144,2.2618956887170714,2.261895688717068,19561.122448979593,139.8610826819941,15.700788454231617,13.138204070131405,1
16,176,25600,122.53411989795919,18.74715411370954,351.45578736317657,-0.18719835378846994,2.866978005720557,144.0,144.0,96.0,96.0,16.0,128,2.2611121992386196,2.2611121992386165,15366.066326530612,123.95993839354153,15.529391236722486,13.521149549447689,1
16,192,30976,135.91964285714286,26.650873399077796,710.2690529336724,-0.5773601890080263,3.0708981164933493,176.0,160.0,112.0,96.0,48.0,144,2.7026001800339845,2.7026001800339805,19184.418367346934,138.50782781975514,22.042600403718325,17.766685724554506,1
32,208,30976,175.4400510204082,26.307691278513037,692.0946204055508,-2.176354535272031,9.089385464656372,192.0,192.0,160.0,144.0,32.0,176,2.3087904171502647,2.308790417150261,31471.30612244898,177.40153923359566,17.52573090680783,12.23225686761468,1
32,192,25600,158.19132653061223,20.26870832134678,410.8205370158321,-1.99958974457526,8.253155027339377,176.0,176.0,144.0,128.0,16.0,160,1.994239647394186,1.9942396473941826,25435.316326530618,159.48453318905447,13.155732840799875,9.89094604424269,1
32,224,36864,159.1470025510204,56.703956845026696,3215.33872188265,-0.76362141940693,1.9694455145118992,208.0,208.0,80.0,64.0,96.0,192,2.877852386664821,2.8778523866648165,28543.10714285714,168.94705425918838,50.50242625546111,47.692978784902685,1
16,208,36864,128.87595663265304,33.05504138860225,1092.6357612022075,-0.22789512156241606,2.434793659771334,176.0,160.0,96.0,80.0,48.0,128,3.0570905608180117,3.0570905608180072,17701.64795918368,133.0475402222216,26.918233989826604,23.420496222369394,1
0,192,36864,157.43239795918367,30.588434378359104,935.6523177191812,-1.808074800216907,5.911053026264646,176.0,176.0,128.0,96.0,16.0,176,2.312727197968963,2.312727197968959,25720.612244897966,160.37647035927048,22.09137982261203,15.639478199790386,1
16,208,36864,139.62595663265304,23.011873371134854,529.5463160491454,-2.0847015012429737,8.765014908670855,160.0,160.0,128.0,96.0,32.0,144,2.149297317605931,2.1492973176059267,20024.95408163266,141.5095547361826,15.697327842216668,11.527369544777509,1
0,240,57600,188.41741071428572,47.127776299204235,2221.0272989078367,-1.9749086245094827,6.106239473149089,224.0,224.0,160.0,80.0,32.0,208,2.7208230042288912,2.7208230042288863,37722.14795918366,194.22190391195238,32.67222955553356,22.595496370043982,1
32,192,25600,149.2044005102041,28.58590581471492,817.1540112477524,-1.3088926984474776,3.8372158575655044,176.0,176.0,112.0,96.0,32.0,160,2.3908122833293866,2.390812283329383,23079.107142857145,151.9180935335128,22.416805052841074,19.442543422932676,1
32,176,20736,119.22735969387756,15.548966971992968,241.77037389612815,-0.8174198300076239,4.151710654851514,144.0,128.0,112.0,96.0,16.0,128,1.9236765761440358,1.9236765761440324,14456.933673469388,120.23698962245099,12.586859547762984,9.650745405801857,1
16,240,50176,187.96269132653063,52.31479612669023,2736.837893777163,-1.48188612080358,3.93649604812026,224.0,224.0,112.0,80.0,32.0,208,2.9315160010620387,2.931516001062034,38066.81122448979,195.10717881331223,39.7274355365923,31.99601914221415,1
0,208,43264,135.43877551020407,31.737625364963115,1007.27686380675,-1.5454225899932084,7.503529722264839,176.0,160.0,112.0,96.0,32.0,144,2.795063458275997,2.795063458275992,19350.938775510203,139.1076517503987,22.920520177137554,16.18680949689553,1
16,176,25600,143.48820153061226,29.064465664579973,844.7431643675482,-1.9023105449587467,5.758811459306223,160.0,160.0,128.0,80.0,16.0,160,2.030934395246731,2.030934395246728,21433.60714285715,146.4022101706704,19.77683125549935,13.198982407840845,1
0,192,36864,137.3890306122449,23.099809657292507,533.6012062031441,-0.34049243297470666,3.4023793558738173,176.0,160.0,112.0,112.0,32.0,144,2.5497909309124425,2.5497909309124385,19409.346938775514,139.31743228604063,18.80037451843378,14.17183668384862,1
16,192,30976,161.2235331632653,23.211492299325748,538.7733747616585,-2.4845112266263802,13.224732386265067,192.0,176.0,144.0,144.0,16.0,160,2.2087358358434055,2.2087358358434015,26531.801020408162,162.88585273254446,15.098916355249118,9.970112476807772,1
0,224,50176,182.78156887755102,35.4371406268046,1255.790935803925,-1.9529720232774306,7.383890377728783,208.0,208.0,160.0,128.0,32.0,192,2.694179671219137,2.694179671219132,34664.89285714286,186.1851037466286,25.604400342422274,17.902546134011747,1
0,192,36864,117.55580357142857,51.35168246098331,2636.9952915736612,-0.3309227352045027,1.7142900980950735,176.0,176.0,48.0,32.0,96.0,128,3.3517069041437355,3.3517069041437315,16456.36224489796,128.28235359899645,45.99519183545284,41.084808336536305,1
32,160,16384,122.16326530612244,21.18297057541754,448.71824239900525,-0.47025771758790397,3.148132042715089,144.0,144.0,96.0,96.0,32.0,128,2.4130670875678386,2.4130670875678355,15372.581632653064,123.98621549451804,17.244294369531826,13.825518836972332,1
16,240,50176,145.74107142857144,33.92081560789923,1150.6217315051,-0.3626228748744506,2.7277883810962558,192.0,176.0,112.0,96.0,48.0,144,3.093276682253757,3.093276682253752,22391.081632653066,149.63649833063144,27.29845942283782,23.074221717944784,1
0,208,43264,146.8325892857143,34.003779939638285,1156.257050183347,-1.310742747578493,4.830510104936053,176.0,176.0,112.0,96.0,48.0,160,2.85711994104017,2.8571199410401653,22716.06632653061,150.7185002795961,26.19255363976211,20.401514670176677,1
0,208,43264,138.88169642857142,35.88845970474741,1287.9815399792788,-0.48041847427639234,2.8221412591363766,192.0,176.0,96.0,80.0,48.0,144,3.156346478374533,3.1563464783745285,20576.107142857145,143.44374208328904,28.967183549619968,22.954249135044822,1
32,208,30976,158.3093112244898,29.342953471031887,861.0089184031422,-1.6985775068513416,5.175243123599052,176.0,176.0,128.0,96.0,16.0,176,2.2487969363065665,2.2487969363065634,25922.846938775507,161.0057357325369,21.3766326205235,15.366764228875844,1
0,224,50176,146.13679846938777,56.24445923237266,3163.4391943420305,-0.6388657179039609,2.0401731229962174,208.0,192.0,80.0,48.0,96.0,176,3.247957050639497,3.247957050639492,24519.40306122449,156.58672696376436,50.130644315681224,43.98446339319226,1
0,208,43264,150.96428571428572,43.368011699586944,1880.7844387755104,-1.7539196528247007,6.050273397427204,192.0,192.0,112.0,80.0,32.0,160,2.9516274289617392,2.951627428961735,24671.000000000004,157.07004806773315,31.776885363514356,24.039166154104546,1
16,240,50176,140.99170918367346,55.572082098958525,3088.2563088133866,-0.5118351485316964,1.8443273306867058,208.0,192.0,64.0,48.0,96.0,160,3.3650761029431457,3.3650761029431413,22966.918367346934,151.54840272119972,49.5525004026349,45.448628226135426,1
0,240,57600,110.56014414414416,43.57325864757429,1898.6288691684076,0.47458907621082036,2.6761619769157563,192.0,160.0,64.0,48.0,64.0,112,3.3909692218865626,3.3909692218865577,14122.17434234234,118.83675501435715,35.461097293313486,26.73263233501441,2
16,240,50176,145.35190315315313,59.87874592641663,3585.4642137203555,-0.36904968838651436,1.7016775005690472,224.0,208.0,64.0,48.0,112.0,160,3.521037732514909,3.521037732514904,24712.639963963964,157.20254439405224,52.729137420171135,44.290598261508656,2
16,240,50176,124.57589189189189,45.39352839999252,2060.572420600927,0.26157114384327873,2.193228065142565,192.0,176.0,80.0,64.0,80.0,128,3.461432197015634,3.46143219701563,17579.72526126126,132.5885562982766,38.330748203812504,33.63221072447237,2
32,240,43264,137.1558018018018,50.30216924053137,2530.3082303030606,-0.049527541521022914,1.6479844212478847,208.0,192.0,80.0,64.0,80.0,144,3.4320872142154637,3.43208721421546,21342.022198198203,146.08908993555337,45.180001807325795,43.22798346772075,2
32,240,43264,126.38420720720723,43.20067511935288,1866.298330767875,0.3815184079798837,2.26834455942808,192.0,176.0,80.0,64.0,64.0,128,3.369229590732127,3.3692295907321217,17839.26616216217,133.56371573957566,36.29412956417946,30.116902519616602,2
16,240,50176,125.83249324324323,48.39340552433975,2341.921698243197,0.1701187166594375,1.596002293510951,192.0,176.0,80.0,64.0,80.0,112,3.231645659815736,3.231645659815731,18175.73805405405,134.81742489030879,44.33808980974459,41.27665495137282,2
32,240,43264,126.39211036036039,44.555059438153215,1985.1533215373656,0.2717801453748563,2.194217884932965,192.0,176.0,80.0,64.0,64.0,128,3.429542997423054,3.4295429974230496,17960.11888288289,134.01536808471963,37.47903392268127,33.31467679223603,2
32,240,43264,126.8038310810811,44.85793540842688,2012.234369106598,0.17627410108616107,2.13516229828546,192.0,176.0,80.0,64.0,64.0,128,3.4424640736501,3.442464073650096,18091.445945945947,134.50444582223275,37.761363600624044,33.43200221969193,2
32,240,43264,127.9172072072072,59.76336875087081,3571.6602444525615,0.10532217138849559,1.4256590236427469,208.0,208.0,64.0,48.0,112.0,128,3.2805816076043337,3.2805816076043293,19934.472144144147,141.18949020427883,55.94203413479309,51.21643132581504,2
0,240,57600,115.93294594594595,43.89182083470984,1926.4919361862685,0.39014352065184643,2.6171396269157525,176.0,160.0,80.0,64.0,64.0,112,3.4243584570009284,3.4243584570009227,15366.939891891892,123.96346192282584,36.00257754533456,28.671331830546915,2
0,240,57600,140.21372072072072,47.96584012554178,2300.721818949034,-0.08375329277921072,1.8726034220451613,208.0,192.0,80.0,64.0,80.0,144,3.471484655988999,3.471484655988994,21960.609297297302,148.19112421902096,41.65128686560039,36.1275304913173,2
16,240,50176,126.46702252252253,45.31710133875776,2053.6396737472405,0.21486354429796797,2.143979372302283,192.0,176.0,80.0,64.0,64.0,128,3.4515099242199008,3.451509924219895,18047.547459459456,134.3411607046011,38.122670342479616,33.70835426288761,2
16,224,43264,142.55265765765765,58.24579830308694,3392.5730199638856,-0.5323566518558132,1.6534136362345448,208.0,192.0,64.0,48.0,112.0,160,3.091531289745896,3.091531289745892,23713.83322522523,153.99296485627266,52.230837582266126,51.65195550554776,2
16,240,50176,132.21157882882886,57.58081332551683,3315.5500632280164,0.01981403223602816,1.3974759408146789,208.0,192.0,64.0,64.0,112.0,144,3.2874159597335093,3.2874159597335053,20795.45163963964,144.20628155402815,54.0183045721246,51.26825075857353,2
16,240,50176,133.02262162162165,53.59307280074722,2872.217452226192,-0.1600499553674285,1.6702194804988544,208.0,192.0,64.0,48.0,96.0,144,3.4937461392408786,3.4937461392408737,20567.23531531532,143.41281433440778,47.58085470927556,40.1869703675815,2
16,240,50176,111.76491441441443,42.1990915703412,1780.763329362042,0.3929844440051103,3.1497968253676722,176.0,144.0,64.0,48.0,64.0,112,3.3834561647997,3.3834561647996946,14272.159423423424,119.46614341906005,32.65745723251364,22.764657743909517,2
16,224,43264,130.24140990990992,49.83031034785456,2483.059829363501,-0.09006062576637695,1.5633726652323812,192.0,192.0,64.0,64.0,96.0,144,3.2486694873202,3.248669487320195,19445.884684684683,139.4485019090728,45.27504581766418,42.22291379654547,2
16,240,50176,125.13026576576576,45.456203792911545,2066.2664632627057,0.18144641076469917,2.230114146519905,192.0,176.0,80.0,64.0,80.0,128,3.4892523157758295,3.489252315775824,17723.849873873874,133.1309500975407,38.099586065404026,33.11569699158656,2
16,240,50176,127.09376576576577,42.086192990262276,1771.2476404136014,0.37850488591863424,2.2850065591064093,192.0,176.0,80.0,80.0,64.0,128,3.3365970746757583,3.336597074675753,17924.072936936936,133.8808161647401,35.29308424102952,29.67902410403376,2
0,240,57600,108.08310810810809,46.40376822689062,2153.309705654983,0.35538730515607514,2.4940188300234545,192.0,160.0,64.0,48.0,64.0,112,3.495087769165737,3.4950877691657323,13835.267963963963,117.62341588290982,38.53685797621451,31.132602312428972,2
16,240,50176,134.8049189189189,45.96698969445363,2112.964141570006,-0.03788215461329884,1.6651198442966952,192.0,192.0,80.0,64.0,80.0,144,3.2512789451712365,3.251278945171232,20285.330306306303,142.42657865126966,41.59189545825823,36.40334051130826,2
32,240,43264,127.31154054054053,43.27058345969058,1872.343392942048,0.37342528522350693,2.2502124370630825,192.0,176.0,80.0,64.0,64.0,128,3.370926161170251,3.370926161170247,18080.571747747745,134.46401655367782,36.29264941560347,29.999513023966156,2
16,240,50176,136.23162837837836,58.68478482465419,3443.903969915962,-0.41696289572477807,1.6275171998827869,208.0,192.0,48.0,48.0,128.0,160,3.193041904098201,3.1930419040981963,22002.960540540545,148.33394938631056,52.480652277108696,51.289642642782276,2
16,240,50176,130.17962162162164,49.07321049539446,2408.1799883252934,0.0022087150711845023,1.830503396102912,208.0,192.0,64.0,64.0,96.0,128,3.408608297070035,3.40860829707003,19354.913873873877,139.12193886613957,41.93665794082117,36.74353397280332,2
16,240,50176,132.21157882882886,57.58081332551683,3315.5500632280164,0.01981403223602816,1.3974759408146789,208.0,192.0,64.0,64.0,112.0,144,3.2874159597335093,3.2874159597335053,20795.45163963964,144.20628155402815,54.0183045721246,51.26825075857353,2
16,240,50176,134.0309527027027,50.921145597455116,2592.9630689572223,-0.1150050038047918,1.5106478193255877,208.0,192.0,64.0,64.0,96.0,144,3.2187122666758547,3.2187122666758503,20557.259351351353,143.37802952806734,46.7657518422235,43.480786850889416,2
32,240,43264,127.41386486486485,42.257447071383204,1785.691832990753,0.3477675795481954,2.240428160603502,192.0,176.0,80.0,80.0,64.0,128,3.3385131378851822,3.3385131378851782,18019.98479279279,134.23853691393091,35.49996277762257,29.974097476581246,2
32,240,43264,125.04395045045042,42.61939758302425,1816.4130503398937,0.372205616002347,2.2368656792239645,192.0,176.0,80.0,64.0,64.0,128,3.342281454385395,3.3422814543853896,17452.40259459459,132.10754177788107,36.04740167272933,30.35002563762813,2
16,240,50176,123.50505855855856,42.571663021650984,1812.3464924290056,0.4177961672967069,2.300331850907476,192.0,176.0,80.0,64.0,80.0,112,3.3353401554464677,3.3353401554464623,17065.845981981984,130.63631188142898,36.03936460809665,27.81106408635016,2
16,240,50176,131.76381306306308,66.46453568647796,4417.534504019102,-0.1529407632746392,1.261059784531067,208.0,208.0,48.0,48.0,128.0,160,3.109868886396222,3.1098688863962174,21779.236936936937,147.57790124858442,63.505031321332076,61.7678908094048,2
16,240,50176,129.104759009009,58.76505192162971,3453.331327351836,0.014012222268921288,1.4617203151897145,208.0,192.0,64.0,48.0,112.0,144,3.362093543140128,3.362093543140123,20121.37012612613,141.8498153898204,54.53446977618357,52.743438428019545,2
16,240,50176,126.10531756756755,45.10669211963712,2034.613673975733,0.17113275736563602,2.2183423224480117,192.0,176.0,80.0,64.0,64.0,128,3.479461074526231,3.4794610745262267,17937.16479279279,133.9297009359492,37.762326360427686,32.883238707238256,2
32,240,43264,125.69532657657658,43.282182561167275,1873.3473272582123,0.40436205458012003,2.271179974320454,192.0,176.0,80.0,64.0,64.0,128,3.359368816213862,3.359368816213859,17672.66245045045,132.93856645251765,36.47944550292205,30.21250537777203,2
16,240,50176,126.16552027027028,44.02802362474825,1938.4668643013902,0.2318230470174377,2.2304099842631495,192.0,176.0,80.0,64.0,64.0,128,3.4345072908909513,3.434507290890946,17856.205369369374,133.6271131521196,36.81047480173476,32.633986373878734,2
16,240,50176,126.65104954954957,48.86241991991361,2387.5360804299708,0.19771798146011152,1.8450570159712878,208.0,192.0,64.0,64.0,96.0,128,3.4268144025840295,3.426814402584024,18428.02443243243,135.74985978789235,41.786931598858715,36.30547809878146,2
0,240,57600,107.77776126126125,47.498685586714146,2256.125132465526,0.11922936070428347,2.4006609143724,176.0,160.0,48.0,32.0,80.0,112,3.4998503303730364,3.499850330373031,13872.170954954954,117.78018065428051,39.44984826124728,30.697500091008248,2
16,240,50176,124.54555630630632,44.91401242887111,2017.2685124607888,0.27816417393479365,2.2080951612701205,192.0,176.0,80.0,64.0,80.0,128,3.441168262753914,3.4411682627539086,17528.864108108104,132.3966166792343,37.87669254103178,33.46176985795026,2
0,240,57600,69.68444055944056,79.71045769280288,6353.757065596116,0.6103766707227273,1.8230850535318046,208.0,176.0,0.0,0.0,144.0,32,2.933954569453285,2.9339545694532787,11209.678321678319,105.87576834043907,72.26598885295694,65.10368812318565,3
0,240,57600,63.69711538461539,75.57323504598277,5711.313855315358,0.7034662047106955,1.9271086234501424,192.0,176.0,0.0,0.0,128.0,16,2.916642202619288,2.9166422026192818,9768.636363636364,98.83641213457905,67.79928094741089,62.778009565938405,3
0,240,57600,66.75131118881119,79.08438137616943,6254.339377651414,0.6845144095896889,1.8854455364276541,208.0,176.0,0.0,0.0,144.0,16,2.9360750249974013,2.9360750249973955,10710.076923076924,103.4895015113945,71.36568055936523,64.05982424344585,3
0,240,57600,73.29195804195804,82.60993145190082,6824.400774487752,0.5432956722744061,1.6847024112573161,208.0,192.0,0.0,0.0,144.0,32,2.9160635178912186,2.9160635178912133,12196.11188811189,110.43600811380267,75.58517455009986,71.83961461638366,3
0,240,57600,70.2604895104895,80.09082679572809,6414.540536823316,0.5858790237598802,1.7721718490880485,208.0,176.0,0.0,0.0,144.0,32,2.916055366335045,2.9160553663350415,11351.076923076924,106.54143289386023,73.01305601356738,65.63963569431286,3
0,240,57600,62.22552447552449,72.1313742604212,5202.935152696953,0.6273338483480254,1.7964860417199473,176.0,160.0,0.0,0.0,128.0,16,2.854382679926751,2.8543826799267453,9074.951048951052,95.26253748956644,65.32353077699842,59.977623150391935,3
0,240,57600,42.352709790209786,51.79845693897103,2683.080141258436,0.790362046515787,2.0853214331522523,128.0,112.0,0.0,0.0,96.0,16,2.6367275210496173,2.636727521049613,4476.832167832168,66.90913366523414,46.05000569251672,42.012948438357654,3
0,240,57600,62.41389860139861,75.84854490938397,5753.001764870837,0.7746871259435014,2.0401006424251897,192.0,176.0,0.0,0.0,128.0,16,2.9403613571389875,2.940361357138982,9648.496503496504,98.22676062813282,67.36814921035699,61.76777985888251,3
0,240,57600,66.58129370629372,78.02999154264022,6088.679580144503,0.6506549913950647,1.813025464081224,192.0,176.0,0.0,0.0,144.0,32,2.9081632861927265,2.9081632861927216,10521.748251748251,102.57557336787472,70.6440871191767,65.28895364521142,3
0,240,57600,68.86013986013987,80.94426135393591,6551.973446134283,0.6841642393329653,1.8948222177185883,208.0,176.0,0.0,0.0,144.0,32,2.952997411133573,2.9529974111335675,11293.692307692305,106.27178509694991,72.53719352109928,68.13033357744574,3
0,240,57600,60.55812937062937,73.67984772064277,5428.719960137107,0.7830335236110456,2.068798540883016,192.0,160.0,0.0,0.0,128.0,16,2.9211995142067857,2.921199514206781,9096.006993006991,95.37298880189816,65.38550770553066,57.43362451612412,3
0,240,57600,63.89903846153845,74.21446630923755,5507.787009564956,0.6366780479657883,1.816172153664954,192.0,160.0,0.0,0.0,128.0,16,2.8895041304768583,2.8895041304768534,9590.874125874127,97.93300835711179,67.07742685499471,60.121773037965625,3
0,240,57600,73.37631118881119,82.59578566409786,6822.063809469593,0.5377545408509532,1.6776198195652867,208.0,192.0,0.0,0.0,144.0,32,2.9120765422831654,2.91207654228316,12206.14685314685,110.48143216462597,75.67188834782895,71.8837286173326,3
0,240,57600,66.16215034965035,78.53921964184151,6168.409021949424,0.6988858867397854,1.9056554979614633,208.0,176.0,0.0,0.0,144.0,16,2.9282820675812102,2.928282067581206,10545.839160839161,102.69293627528215,70.55644938605936,63.543738118746035,3
0,240,57600,66.09702797202796,78.32919387779165,6135.462613544672,0.6895094106448246,1.8853887290487452,208.0,176.0,0.0,0.0,144.0,16,2.931721880066101,2.9317218800660956,10504.279720279717,102.49038842876789,70.47764169012734,64.0185300956358,3
0,240,57600,72.60533216783216,81.81163769585032,6693.144062477078,0.5379018126405778,1.6806425796349622,208.0,176.0,0.0,0.0,144.0,32,2.9009899184171264,2.9009899184171206,11964.67832167832,109.3831720223834,74.97195220712862,67.53895738019688,3
0,240,57600,57.41127622377622,70.67730206150297,4995.281026692933,0.85165210535745,2.2538783248338983,176.0,160.0,0.0,0.0,112.0,16,2.9154514612807088,2.915451461280704,8291.335664335666,91.05677165557576,62.01183830714225,55.46137165738922,3
0,240,57600,70.89466783216784,80.37287614500138,6459.7992198197335,0.5611078838580603,1.7198426576517336,208.0,176.0,0.0,0.0,144.0,32,2.91487750389473,2.9148775038947243,11485.853146853147,107.17207260687435,73.56197547194506,66.63622033811866,3
0,240,57600,62.39423076923076,72.55638151247973,5264.42849818451,0.645475667362285,1.852110360624922,192.0,160.0,0.0,0.0,128.0,16,2.881940743653737,2.8819407436537317,9157.468531468532,95.6946630250012,65.62122245239992,59.70584355423425,3
0,240,57600,68.9672202797203,81.11567848523063,6579.753296119307,0.6566610575108277,1.832456163994047,208.0,176.0,0.0,0.0,144.0,16,2.9487869972398917,2.9487869972398877,11336.23076923077,106.47173695037932,73.52753007006615,69.64560310112579,3
0,240,57600,67.43662587412587,79.80176984086353,6368.322469734157,0.6915960328497155,1.9132045378038862,208.0,176.0,0.0,0.0,144.0,16,2.959383343979544,2.9593833439795385,10916.02097902098,104.47976349045292,71.78592963458766,63.8825459265074,3
0,240,57600,58.63330419580419,72.21638019973184,5215.205569152221,0.8431356534699498,2.202490144386441,192.0,160.0,0.0,0.0,128.0,16,2.904531518985395,2.9045315189853897,8653.06993006993,93.02187877091029,63.34454805057554,55.14956270509176,3
0,240,57600,68.05638111888112,78.57284916155987,6173.692625365239,0.6184877907084921,1.7859698638979975,208.0,176.0,0.0,0.0,144.0,32,2.9062673929277176,2.906267392927712,10805.363636363638,103.94885105841064,71.20225727343848,65.15276569536532,3
0,240,57600,58.34746503496504,72.01971298373292,5186.839058259267,0.8611371929750701,2.2673089712387378,192.0,160.0,0.0,0.0,128.0,16,2.930230640621054,2.930230640621049,8591.265734265735,92.6890809872756,63.030765610874,55.763634225306404,3
0,240,57600,68.8444055944056,79.59179237056148,6334.853412758569,0.5926482602315961,1.7263213174488865,208.0,176.0,0.0,0.0,144.0,16,2.904851608495386,2.904851608495381,11074.405594405594,105.23500175514606,72.8681412828645,66.94785544749946,3
0,240,57600,64.22552447552448,77.36295018797992,5985.026061787863,0.7644102815879493,2.048447024382566,208.0,176.0,0.0,0.0,128.0,16,2.9590238285151713,2.9590238285151664,10109.944055944059,100.54821756721527,68.51802980124671,61.52728421755409,3
0,240,57600,64.5340909090909,78.27721979292073,6127.32313850922,0.7703664803802142,2.032230755949028,208.0,176.0,0.0,0.0,144.0,16,2.96015157238708,2.9601515723870744,10291.97202797203,101.4493569618459,69.50955268099406,62.40999859734658,3
0,240,57600,67.85882867132868,80.06918556005402,6411.074476250365,0.6878198434095255,1.8965850700781686,208.0,176.0,0.0,0.0,144.0,16,2.943350891584976,2.943350891584972,11015.895104895106,104.95663440152369,71.87951055445458,63.77408297670857,3
0,240,57600,62.873688811188806,72.22137652594115,5215.927227301763,0.6212688186733468,1.826412626258287,192.0,160.0,0.0,0.0,128.0,32,2.8607507699133987,2.8607507699133934,9169.02797202797,95.75504149666466,65.24733106024964,59.33630897658396,3
0,240,57600,68.84527972027972,78.91691775398282,6227.879907788889,0.61821894043791,1.8403533409658193,208.0,176.0,0.0,0.0,144.0,32,2.9303813991855474,2.9303813991855425,10967.552447552447,104.72608293807444,71.51368696587545,64.79616734940393,3
0,240,57600,65.81337412587413,78.4002983360058,6146.606779174715,0.7017604896719638,1.8998217919229439,208.0,176.0,0.0,0.0,144.0,16,2.93232656629716,2.9323265662971565,10478.006993006993,102.36213652033155,70.4477251093787,63.788713164244825,3
0,240,57600,58.43444055944057,72.2740757853816,5223.5420306310825,0.8546408998122988,2.2320330367263383,192.0,160.0,0.0,0.0,128.0,16,2.9227013195575484,2.9227013195575426,8638.125874125875,92.94151857015181,63.41592570042579,55.43660702084858,3
0,240,57600,61.5895979020979,72.95310135074082,5322.154996691463,0.7004654976052537,1.9320766565123184,192.0,160.0,0.0,0.0,128.0,16,2.899208230395132,2.899208230395127,9115.433566433565,95.47477974016785,65.48828342291635,58.69614864061454,3
0,240,57600,60.35096153846153,69.74613737796075,4864.5236791453735,0.6465342361487343,1.8676306654381194,176.0,160.0,0.0,0.0,128.0,32,2.845934393886828,2.845934393886824,8506.762237762237,92.2321106652246,62.75787186071289,58.38107606560442,3
0,240,57600,63.13330419580419,72.9777044163455,5325.745341879495,0.6382937158449714,1.8687828937652318,192.0,160.0,0.0,0.0,128.0,16,2.882964088239081,2.8829640882390764,9311.559440559442,96.49642190547503,65.97774961873736,59.31347476853024,3
0,240,57600,65.00743006993007,77.07429288106209,5940.446623115739,0.7018314187446314,1.9230739732577626,192.0,176.0,0.0,0.0,128.0,16,2.9254381342538616,2.9254381342538567,10166.412587412586,100.82862980033293,69.06931034030514,62.97022274116688,3
0,240,57600,65.88636363636364,79.49944598518711,6320.161911951684,0.750836658252629,1.988591288954658,208.0,176.0,0.0,0.0,144.0,16,2.9432710567586353,2.9432710567586304,10661.174825174825,103.25296521250527,70.8757959015222,62.72841532452274,3
0,240,57600,50.745629370629366,61.10165765599316,3733.412568310187,0.7911291768267628,2.1466125137159247,160.0,128.0,0.0,0.0,96.0,16,2.803190992037458,2.803190992037453,6308.531468531468,79.42626434959325,53.87772209216268,47.169199897921125,3
0,240,57600,65.73732517482519,77.90613786231181,6069.366316621534,0.6794728413762884,1.8709064788002496,192.0,176.0,0.0,0.0,144.0,16,2.9291681868717556,2.92916818687175,10390.76223776224,101.93508835411994,70.45403193423563,64.35217618393402,3
0,240,57600,66.42613636363636,80.01535177506688,6402.456519687698,0.7449750123310382,1.9837091795384652,208.0,176.0,0.0,0.0,144.0,16,2.950700713564807,2.950700713564803,10814.88811188811,103.99465424668766,71.4723958126585,63.09994391630973,3
0,240,57600,63.32954545454546,73.37068068655744,5383.256784408772,0.6579085124538938,1.9177027389033894,192.0,160.0,0.0,0.0,128.0,16,2.897199061649611,2.897199061649605,9393.888111888109,96.92207236686652,66.05016600941795,58.82900254043329,3
0,240,57600,53.06818181818181,62.33312464623243,3885.418428162748,0.6650996984510928,1.8613547909096109,160.0,144.0,0.0,0.0,112.0,16,2.765416422657318,2.765416422657313,6701.65034965035,81.8636082129926,56.30956472504007,53.71103306604781,3
0,240,57600,55.91739510489511,66.49375722470401,4421.419749857878,0.7117514075571217,1.949831075653538,176.0,144.0,0.0,0.0,112.0,16,2.8397866223076127,2.8397866223076065,7548.174825174825,86.8802326491753,59.667477101960785,53.500709167420084,3
0,240,57600,67.65734265734267,79.19292234525687,6271.518949581886,0.6566071031779678,1.8311078376772352,208.0,176.0,0.0,0.0,144.0,16,2.9216938987946786,2.921693898794674,10849.034965034965,104.15870086092167,71.37017053096467,64.4453816271524,3
0,240,57600,69.71284965034965,81.88017677602132,6704.3633488725,0.6758334663356107,1.8752375418937328,208.0,192.0,0.0,0.0,144.0,32,2.951966623882223,2.951966623882219,11564.244755244756,107.5371784790951,73.55222142779957,68.57113546444158,3
0,240,57600,57.20804195804195,67.73288294344489,4587.743431830408,0.6640800701061423,1.8360175470392806,176.0,160.0,0.0,0.0,128.0,16,2.8032276600317623,2.8032276600317565,7860.5034965034965,88.65948057880497,61.48069091092525,54.97590167568372,3
0,240,57600,65.19973776223776,76.63934108099986,5873.588601329833,0.66611599903815,1.8401676087389125,192.0,176.0,0.0,0.0,144.0,32,2.9057262304514455,2.9057262304514393,10124.594405594404,100.6210435525015,69.12083281118284,64.69343249721368,3
0,240,57600,64.33872377622377,74.45008620635366,5542.815336133492,0.6320816732761073,1.836850471065002,192.0,160.0,0.0,0.0,128.0,32,2.900097411667945,2.90009741166794,9682.286713286714,98.39861133820291,67.47838675545079,60.68392545936296,3
0,240,57600,64.38068181818181,75.14630376449126,5646.966969465193,0.651594423608665,1.8602147675035554,192.0,160.0,0.0,0.0,128.0,16,2.9147992478989297,2.9147992478989253,9791.83916083916,98.95372231926983,67.95759309939557,60.37579340005517,3
0,240,57600,63.388548951048946,76.03916621678205,5781.954798943409,0.7548538787095536,2.0379741606964816,192.0,176.0,0.0,0.0,128.0,16,2.953383626800991,2.9533836268009854,9800.062937062938,98.99526724577765,67.43081561618396,61.46302753627231,3
0,240,57600,64.51136363636363,75.44147949841471,5691.416828909727,0.6596571478387503,1.8751648481965222,192.0,160.0,0.0,0.0,128.0,16,2.9264923458631285,2.9264923458631236,9853.132867132867,99.26294810820836,68.16112412088724,63.633514443786794,3
0,240,57600,71.79763986013987,83.68840576904309,7003.749260164005,0.638817920683699,1.7963297295049598,208.0,192.0,0.0,0.0,144.0,32,2.9466778978711563,2.946677897871151,12158.65034965035,110.26627022644028,75.65933795091544,70.11607486813132,3
0,240,57600,66.22465034965036,78.53796387723989,6168.211769982638,0.6949056656161993,1.904390593206144,208.0,176.0,0.0,0.0,144.0,16,2.9324106831791936,2.9324106831791883,10553.916083916083,102.7322543504039,70.50532584491017,63.588485442176626,3
0,240,57600,63.02010489510489,73.49405057498917,5401.375469919067,0.6555704756016073,1.8650674854052767,192.0,160.0,0.0,0.0,128.0,16,2.881087652670142,2.881087652670137,9372.90909090909,96.81378564496427,66.26426094526506,59.52482336311253,3
0,240,57600,52.180506993006986,61.807384121242265,3820.1527319107904,0.6892381736180204,1.8944756442075108,160.0,144.0,0.0,0.0,112.0,16,2.76694745991419,2.766947459914184,6542.958041958041,80.88855321958751,55.675402210614706,53.379533769278524,3
0,240,57600,67.38286713286713,80.43715950692061,6470.136629541788,0.7054725827958731,1.8997744417338522,208.0,176.0,0.0,0.0,144.0,16,2.95383432477941,2.9538343247794066,11010.587412587416,104.9313461868636,72.30879346559443,64.24911084532462,3
0,240,57600,65.08085664335664,77.0448938282118,5935.915665000429,0.6845008789259246,1.8713391118916638,192.0,176.0,0.0,0.0,144.0,16,2.915019005552566,2.9150190055525607,10171.433566433567,100.853525304937,69.2851982991317,64.14079834485248,3
0,240,57600,73.12805944055944,82.61868047250238,6825.846363017446,0.5598949297507944,1.718916020717443,208.0,192.0,0.0,0.0,144.0,32,2.9280462218902117,2.9280462218902064,12173.55944055944,110.33385446253313,75.30926976012252,70.9861777964224,3
0,240,57600,68.66215034965033,78.13869695937389,6105.655962508866,0.5790777497979098,1.7590991875664466,192.0,176.0,0.0,0.0,144.0,32,2.8972301877669895,2.8972301877669837,10820.146853146853,104.01993488340037,71.28737816963458,65.46909142356401,3
0,240,57600,65.80856643356644,78.07958372806353,6096.421395147683,0.6852618670897911,1.8836875205098327,208.0,176.0,0.0,0.0,128.0,16,2.9255192296277492,2.925519229627745,10427.188811188813,102.11360737526029,70.4801193192981,63.94333907575179,3
0,240,57600,60.14903846153846,72.8909676993821,5313.093172152365,0.7837176147163332,2.0999317270152584,192.0,160.0,0.0,0.0,128.0,16,2.9161103873335175,2.9161103873335117,8930.999999999998,94.50396817065408,64.6311086374525,57.36274068596798,3
0,240,57600,57.85664335664336,71.7005750037321,5140.972455865812,0.859318527079977,2.2376539324562024,192.0,160.0,0.0,0.0,112.0,16,2.913147780278907,2.9131477802789014,8488.363636363638,92.13231591772583,62.83855529306522,55.080063510329495,3
0,240,57600,66.64641608391608,76.74421674360298,5889.674803589112,0.6341140237805426,1.8661327838898283,192.0,176.0,0.0,0.0,128.0,32,2.9173127401176964,2.917312740117692,10331.419580419582,101.64359094610728,69.37203690717513,63.61323481278309,3
0,240,57600,66.36407342657343,78.70995687128739,6195.257310679922,0.6998941025825955,1.9141573713751678,208.0,176.0,0.0,0.0,144.0,16,2.9320093700863006,2.9320093700862966,10599.447552447551,102.95361845242522,70.69660551764326,63.42037757508992,3
0,240,57600,69.6271853146853,79.79689577699111,6367.544575643982,0.6190461081085424,1.8363820745297168,208.0,176.0,0.0,0.0,144.0,32,2.940648561784369,2.9406485617843656,11215.489510489511,105.90320821622691,72.230413138163,64.97908924925255,3
0,240,57600,66.3146853146853,76.11749471129978,5793.87300112475,0.6152886845519018,1.825840868695151,192.0,160.0,0.0,0.0,128.0,32,2.896658033307483,2.8966580333074785,10191.51048951049,100.9530112949113,69.02565185036319,64.13332976938709,3
0,240,57600,64.55332167832168,77.62273018075764,6025.288240714704,0.7493862913097938,2.0054157247464905,208.0,176.0,0.0,0.0,128.0,16,2.942555893984135,2.942555893984129,10192.419580419582,100.95751373929323,69.12371211609835,62.130464324391795,3
0,240,57600,64.5013111888112,76.35173768769857,5829.58784793113,0.6955486954087887,1.9298680631761058,192.0,176.0,0.0,0.0,128.0,16,2.939681755491212,2.939681755491207,9990.006993006991,99.95002247627056,68.57653969176023,62.92193353042241,3
0,240,57600,48.8312937062937,57.32395854702595,3286.0362235011494,0.6524664265361442,1.8342085530741432,144.0,128.0,0.0,0.0,96.0,16,2.684199714735404,2.6841997147353993,5670.531468531467,75.30293134089447,51.91361282948004,49.47750459057322,3
0,240,57600,68.03321678321677,80.7859920965444,6526.376519022936,0.7124517451938964,1.9439174639931012,208.0,176.0,0.0,0.0,144.0,16,2.9651972108717133,2.9651972108717084,11154.895104895104,105.6167368597189,72.2655159252984,67.42881895972891,3
0,240,57600,67.13680069930071,79.08276397734176,6254.083558295943,0.6678319820705735,1.8587071549299337,208.0,176.0,0.0,0.0,144.0,16,2.9441363478348737,2.9441363478348683,10761.433566433567,103.73732966696977,71.4708820906275,64.44060419924597,3
0,240,57600,69.02622377622379,80.00591768588816,6400.946864761113,0.6135660905040408,1.7607702859510554,208.0,176.0,0.0,0.0,144.0,16,2.907645528360646,2.907645528360641,11165.566433566435,105.66724390068303,72.75524389566141,66.1620702975749,3
0,240,57600,70.99519230769232,80.83946025011207,6535.018333529449,0.5749515344266392,1.731819313561356,208.0,176.0,0.0,0.0,144.0,32,2.9236583111427934,2.9236583111427885,11575.335664335664,107.58873390990185,73.70491422637042,66.63292761772527,3
0,240,57600,70.19711538461537,80.17442496365298,6427.938418252422,0.5912576325061759,1.7628508039016626,208.0,176.0,0.0,0.0,144.0,32,2.9320414177781444,2.932041417778139,11355.573426573426,106.56253293992887,72.890834338432,66.0402103525271,3
0,240,57600,66.25393356643357,78.81049808656793,6211.0946086529275,0.703687145458113,1.9117581696983617,208.0,176.0,0.0,0.0,144.0,16,2.9459052118777547,2.9459052118777493,10600.678321678322,102.95959557845165,70.76627627251519,63.80885214139177,3
0,240,57600,49.95541958041957,59.8480135499325,3581.7847258729043,0.7677618536003684,2.097006782726905,160.0,128.0,0.0,0.0,96.0,16,2.780475817677078,2.7804758176770736,6077.328671328672,77.95722334286074,52.99557645698309,47.076672961701334,3
0,240,57600,66.89816433566433,77.24359307706699,5966.572671455511,0.5985604677819187,1.7406964273565932,192.0,176.0,0.0,0.0,144.0,16,2.882827757910529,2.8828277579105226,10441.937062937064,102.18579677693502,70.42933529947794,66.16705425316103,3
0,240,57600,65.19886363636363,76.45371879503179,5845.171117589798,0.6643424788454115,1.857305311677418,192.0,176.0,0.0,0.0,128.0,16,2.9047590189214363,2.9047590189214314,10096.062937062938,100.4791666817701,68.94001497434985,63.88113951422985,3
0,240,57600,69.37412587412588,81.8385748747045,6697.552337522616,0.6679177453112062,1.855260311583481,208.0,176.0,0.0,0.0,144.0,16,2.9610386075671666,2.9610386075671618,11510.321678321678,107.28616722728833,74.03879735867407,69.24928625261093,3
0,240,57600,64.3597027972028,77.60147869091519,6021.989495016564,0.7741880436491234,2.0755979128289033,208.0,176.0,0.0,0.0,128.0,16,2.968335139610569,2.9683351396105633,10164.160839160839,100.81746296728974,68.60409330547765,61.335182368542526,3
64,240,30976,232.07109375,32.92781954283319,1084.2412998453874,-3.992438840849607,17.14469059126002,240.0,240.0,240.0,240.0,0.0,240,0.4312555476045702,0.4312555476045664,54941.23385416666,234.39546466211044,14.950195349399479,7.928906250221781,4
64,240,30976,230.60697591145833,36.25442220918815,1314.383129722075,-3.6711771410240512,14.656642830980855,240.0,240.0,240.0,240.0,0.0,240,0.48231123611513654,0.4823112361151327,54493.96046875001,233.43941498545186,17.558706023616015,9.393024087641871,4
64,240,30976,231.64026692708333,33.65704743610544,1132.7968421162514,-3.8628136075712876,16.15088770803287,240.0,240.0,240.0,240.0,0.0,240,0.46381634785086046,0.46381634785085657,54790.010104166664,234.0726598818552,15.704916477551496,8.35973307246498,4
112,240,16384,234.21519856770834,21.87970614836852,478.7215411389552,-3.727884879957288,15.616833788990945,240.0,240.0,240.0,240.0,0.0,240,0.5376547987177038,0.537654798717701,55335.48078125001,235.23494804397157,10.758871511227117,5.784801431955949,4
96,240,20736,234.44848958333333,21.904824972906074,479.82135709364957,-3.871319586149856,16.639459739999904,240.0,240.0,240.0,240.0,0.0,240,0.4938964505224742,0.4938964505224711,55445.915625,235.46956411604452,10.393454854322213,5.551510416219784,4
112,240,16384,234.7412890625,21.25941019350777,451.9625217758221,-3.9742375955330753,17.41588843009831,240.0,240.0,240.0,240.0,0.0,240,0.47482560690285347,0.4748256069028506,55555.435312500005,235.7020053213379,9.87410709202578,5.258710936995628,4
96,240,20736,234.05514973958333,23.741860560647346,563.675942881222,-3.9003960366990476,16.759496007894292,240.0,240.0,240.0,240.0,0.0,240,0.48578282127842637,0.48578282127842326,55345.489062500004,235.25622002935438,11.149025298087821,5.944850261114224,4
64,240,30976,230.37625325520833,37.10915218211597,1377.0891756754427,-3.6615261421884724,14.563721950204696,240.0,240.0,240.0,240.0,0.0,240,0.4710935056716386,0.4710935056716348,54450.30723958333,233.34589612757995,17.990097874792443,9.623746745155323,4
64,240,30976,231.28163411458334,34.14978636518836,1166.2079087880047,-3.7355804787744478,15.15121488717068,240.0,240.0,240.0,240.0,0.0,240,0.47284553829199655,0.4728455382919927,54657.402187499996,233.78922598678494,16.32903883850867,8.718365885320223,4
96,240,20736,234.54686848958332,22.78465360859019,519.1404400634419,-4.097803314639933,18.34575278962065,240.0,240.0,240.0,240.0,0.0,240,0.45365978241073557,0.45365978241073246,55531.37395833334,235.6509578981875,10.280976821261975,5.453131510802548,4
64,240,30976,231.589697265625,34.70635126792823,1204.5308183328234,-3.9671975932365164,16.961257045047702,240.0,240.0,240.0,240.0,0.0,240,0.44511488744050587,0.4451148874405019,54838.31869791666,234.1758285944915,15.847212853113888,8.410302735109925,4
96,240,20736,235.04391276041665,20.981003593099363,440.20251177364844,-4.2983615793768,20.581460047685617,240.0,240.0,240.0,240.0,0.0,240,0.4802881892096338,0.48028818920963057,55685.8434375,235.97848087802413,9.333613406138575,4.956087239343071,4
64,240,30976,231.03027669270833,35.41455167075587,1254.1904700406376,-3.7693992294812064,15.396624293926477,240.0,240.0,240.0,240.0,0.0,240,0.464300750067169,0.4643007500671652,54629.17921875,233.72885833535832,16.814924493812775,8.969723306749882,4
64,240,30976,231.39049479166667,34.72189005849695,1205.6096492343495,-3.84875379129271,15.989713886757665,240.0,240.0,240.0,240.0,0.0,240,0.4438038477298914,0.4438038477298877,54747.170729166675,233.981133276097,16.190210276182555,8.609505208711926,4
64,240,30976,230.95487630208333,34.591043936584406,1196.540320622713,-3.6540469917062066,14.591095925443948,240.0,240.0,240.0,240.0,0.0,240,0.5081206973271912,0.5081206973271873,54536.69520833333,233.53092987510954,16.87744043430927,9.04512369704471,4
64,240,30976,230.246748046875,36.60015174270257,1339.571107588854,-3.556983717151422,13.827176230799816,240.0,240.0,240.0,240.0,0.0,240,0.5016219920667706,0.5016219920667668,54353.13609374999,233.1375904777048,18.162669612236687,9.75325195421522,4
96,240,20736,234.60261067708333,22.292164191262387,496.9405843302011,-4.140496735399148,19.03044089620172,240.0,240.0,240.0,240.0,0.0,240,0.4920273174474064,0.4920273174474032,55535.32552083333,235.65934210387954,10.143053108865894,5.39738932259392,4
64,240,30976,230.66664388020834,35.58912045543052,1266.585494791143,-3.641166007312761,14.498692028882394,240.0,240.0,240.0,240.0,0.0,240,0.5122809706045925,0.5122809706045887,54473.68609375,233.39598559904582,17.409842311801107,9.333356119695043,4
64,240,30976,232.65502278645835,32.06009505833089,1027.8496951492125,-4.220598817327034,19.054818773716317,240.0,240.0,240.0,240.0,0.0,240,0.40337580042619103,0.40337580042618715,55156.209322916664,234.85359124977558,13.926974596728163,7.344977214190623,4
64,240,30976,231.85700195312498,33.54623316993918,1125.3497598919275,-3.9419796287829376,16.71978398717458,240.0,240.0,240.0,240.0,0.0,240,0.4296053298902115,0.4296053298902077,54883.01911458332,234.27125114828607,15.349478422356816,8.142998047131751,4
64,240,30976,230.58541015625,36.04542964196654,1299.2729980739605,-3.6473538950496707,14.504860884964721,240.0,240.0,240.0,240.0,0.0,240,0.4971876332859386,0.4971876332859347,54468.904375000006,233.38574158461353,17.574686355043223,9.414589844463752,4
64,240,30976,226.6289322916667,42.0223126050017,1765.874756672485,-2.8907733931713757,9.52199020854023,240.0,240.0,240.0,112.0,0.0,240,0.6682724211602615,0.6682724211602575,53126.54770833334,230.4919688586423,24.202187501138365,13.371067708644514,4
64,240,30976,228.72597330729167,38.209843016977885,1459.9921033820938,-3.15821805801468,11.133030977497993,240.0,240.0,240.0,128.0,0.0,240,0.5833774062272044,0.5833774062272007,53775.56296875,231.8955863503012,20.680820238387238,11.27402669205999,4
96,240,20736,234.06931640624998,23.289878712525866,542.4184504441655,-3.839732546913384,16.330885118850986,240.0,240.0,240.0,240.0,0.0,240,0.500665937845536,0.5006659378455328,55330.863333333335,235.2251332943258,11.09656576724226,5.930683594125638,4
64,240,30976,229.95682291666668,37.92381082388925,1438.2154274061395,-3.5813099753985203,14.0044202649948,240.0,240.0,240.0,240.0,0.0,240,0.5011138056153851,0.5011138056153814,54318.355833333335,233.0629868368921,18.721003530679152,10.043177083144759,4
64,240,30976,227.68343098958334,41.160099544076814,1694.1537944783122,-3.1067849159472716,10.797480017710232,240.0,240.0,240.0,112.0,0.0,240,0.5992710609223657,0.5992710609223618,53533.89854166667,231.37393660839734,22.53086166845782,12.316569009739112,4
64,240,30976,231.19241861979168,34.26636926075385,1174.1840623143362,-3.6914288536960354,14.783084509978199,240.0,240.0,240.0,240.0,0.0,240,0.45732251277866653,0.4573225127786627,54624.11848958333,233.71803201632375,16.492350238281134,8.807581380021125,4
64,240,30976,231.71101236979166,33.10253997529887,1095.7781528162595,-3.833934422542343,15.946415557621568,240.0,240.0,240.0,240.0,0.0,240,0.4730425686498188,0.4730425686498149,54785.77140625001,234.06360547135475,15.554604355991314,8.288987629739026,4
112,240,16384,234.11234700520833,23.17051760239549,536.8728859629191,-3.8736450808762686,16.6459785275965,240.0,240.0,240.0,240.0,0.0,240,0.5071151522125671,0.5071151522125642,55345.46390625,235.25616656370562,11.011762969558434,5.887652994301903,4
